{
	"name": "test",
	"title": "Test System",
	"version": "0.0.1",
	"author": "name",
	"description": "A custom system for Foundry VTT",
	"esmodules": ["scripts/my-custom-system.js"],
	"styles": ["styles/my-custom-system.css"],
	"languages": [{
		"lang": "en",
		"name": "English",
		"path": "lang/en.json"
	}],
	"packs": [],
	"system": "core",
	"templateVersion": 2,
	"url": "https://github.com/vibhavariD/basic-foundry-system",
	"manifest": "https://raw.githubusercontent.com/vibhavariD/basic-foundry-system/main/system.json",
	"download": "https://raw.githubusercontent.com/vibhavariD/basic-foundry-system/main/release.zip"
}
