{
  "Actor": {
    "type": "character",
    "name": "New Character",
    "img": "icons/svg/mystery-man.svg",
    "data": {
      "attributes": {
        "strength": {"score": 10, "modifier": 0},
        "dexterity": {"score": 10, "modifier": 0},
        "constitution": {"score": 10, "modifier": 0},
        "intelligence": {"score": 10, "modifier": 0},
        "wisdom": {"score": 10, "modifier": 0},
        "charisma": {"score": 10, "modifier": 0}
      },
      "hp": {
        "current": 10,
        "max": 10
      },
      "level": {"value": 0},
      "exp": {"value": 0},
      "saves": {
              "hardiness": {"score": 15, "mod": 0, "penalty": 0, "final": 15},
              "evasion": {"score": 15, "mod": 0, "penalty": 0, "final": 15},
              "spirit": {"score": 15, "mod": 0, "penalty": 0, "final": 15}
      }
    }
  }

